
create view v1 as select date '2023-01-01'+interval '1 year';
create view v2 as select date'2023-01-01'- interval '1 year';
create view v3 as select date_add(date'2023-01-01',interval '1 year');
create view v4 as select date_sub(date'2023-01-01',interval '1 year');
select * from v1;
select * from v2;
select * from v3;
select * from v4;
OCTO> create view v1 as select date '2023-01-01'+interval '1 year';
CREATE VIEW
OCTO> create view v2 as select date'2023-01-01'- interval '1 year';
CREATE VIEW
OCTO> create view v3 as select date_add(date'2023-01-01',interval '1 year');
CREATE VIEW
OCTO> create view v4 as select date_sub(date'2023-01-01',interval '1 year');
CREATE VIEW
OCTO> select * from v1;
???
2024-01-01 00:00:00
(1 row)
OCTO> select * from v2;
???
2022-01-01 00:00:00
(1 row)
OCTO> select * from v3;
date_add
2024-01-01 00:00:00
(1 row)
OCTO> select * from v4;
date_sub
2022-01-01 00:00:00
(1 row)
OCTO> 

select * from v1;
select * from v2;
select * from v3;
select * from v4;
OCTO> select * from v1;
???
2024-01-01 00:00:00
(1 row)
OCTO> select * from v2;
???
2022-01-01 00:00:00
(1 row)
OCTO> select * from v3;
date_add
2024-01-01 00:00:00
(1 row)
OCTO> select * from v4;
date_sub
2022-01-01 00:00:00
(1 row)
OCTO> 
