
CREATE TABLE testadd (id INTEGER PRIMARY KEY, dob TIMESTAMP EXTRACT date_add(date'01-01-2023',interval'1 year')) global "^test(keys(""id""))";
CREATE TABLE testsub (id INTEGER PRIMARY KEY, dob TIMESTAMP EXTRACT date_sub(date'01-01-2023',interval'1 year')) global "^test(keys(""id""))";
select * from testadd;
select * from testsub;
create table test (id integer primary key, dob date check((date'01-01-2023' + interval'1 year')>dob)) global "^test(keys(""id""))";
create table test1 (id integer primary key, dob date check((date'01-01-2023' + interval'1 year')>dob));
insert into test1 values(1,date'01-01-2024');
insert into test1 values(1,date'01-01-2022');
select * from test1;
create view v1 as select date '01-01-2023'+interval '1 year';
create view v2 as select date'01-01-2023'- interval '1 year';
create view v3 as select date_add(date'01-01-2023',interval '1 year');
create view v4 as select date_sub(date'01-01-2023',interval '1 year');
select * from v1;
select * from v2;
select * from v3;
select * from v4;
select date'01-01-2023' BETWEEN date'01-01-2023'+interval'1'year AND date'01-01-2023'-interval'1'year;
select date'01-01-2023' BETWEEN date'01-01-2023'-interval'1'year AND date'01-01-2023'+interval'1'year;

OCTO> CREATE TABLE testadd (id INTEGER PRIMARY KEY, dob TIMESTAMP EXTRACT date_add(date'01-01-2023',interval'1 year')) global "^test(keys(""id""))";
CREATE TABLE
OCTO> CREATE TABLE testsub (id INTEGER PRIMARY KEY, dob TIMESTAMP EXTRACT date_sub(date'01-01-2023',interval'1 year')) global "^test(keys(""id""))";
CREATE TABLE
OCTO> select * from testadd;
id|dob
1|2024-01-01 00:00:00
(1 row)
OCTO> select * from testsub;
id|dob
1|2022-01-01 00:00:00
(1 row)
OCTO> create table test (id integer primary key, dob date check((date'01-01-2023' + interval'1 year')>dob)) global "^test(keys(""id""))";
CREATE TABLE
OCTO> create table test1 (id integer primary key, dob date check((date'01-01-2023' + interval'1 year')>dob));
CREATE TABLE
OCTO> insert into test1 values(1,date'01-01-2024');
[ERROR]: ERR_CHECK_CONSTRAINT_VIOLATION: New row for table test1 violates CHECK constraint test1_dob_check : Failing row contains (1, 2024-01-01)
OCTO> insert into test1 values(1,date'01-01-2022');
INSERT 0 1
OCTO> select * from test1;
id|dob
1|2022-01-01
(1 row)
OCTO> create view v1 as select date '01-01-2023'+interval '1 year';
CREATE VIEW
OCTO> create view v2 as select date'01-01-2023'- interval '1 year';
CREATE VIEW
OCTO> create view v3 as select date_add(date'01-01-2023',interval '1 year');
CREATE VIEW
OCTO> create view v4 as select date_sub(date'01-01-2023',interval '1 year');
CREATE VIEW
OCTO> select * from v1;
???
2024-01-01 00:00:00
(1 row)
OCTO> select * from v2;
???
2022-01-01 00:00:00
(1 row)
OCTO> select * from v3;
date_add
2024-01-01 00:00:00
(1 row)
OCTO> select * from v4;
date_sub
2022-01-01 00:00:00
(1 row)
OCTO> select date'01-01-2023' BETWEEN date'01-01-2023'+interval'1'year AND date'01-01-2023'-interval'1'year;
???
0
(1 row)
OCTO> select date'01-01-2023' BETWEEN date'01-01-2023'-interval'1'year AND date'01-01-2023'+interval'1'year;
???
1
(1 row)
OCTO> 
