
select date'01-01-2023' + interval'1-11';
select date'01-01-2023' + interval'1-12';
select date'01-01-2023' + interval'1-13';
select date'01-01-2023' + interval'1 1:59:00';
select date'01-01-2023' + interval'1 1:60:00';
select date'01-01-2023' + interval'1 1:59:60';
select date'01-01-2023' + interval'1 1:59:61';
select date'01-01-2023' + interval'1 1:59:62';
select date'01-01-2023' + interval'1 999:59:60';
select date'01-01-2023' + interval'1-12 999 999:59:60';
select date'01-01-2023' + interval'1-11 999 999:59:60';
select date'01-01-2023' + interval'69:56.11';
OCTO> select date'01-01-2023' + interval'1-11';
???
2024-12-01 00:00:00
(1 row)
[ERROR]: ERR_INTERVAL_FIELD_OUT_OF_RANGE: Interval field value 1-12 is out of range
LINE 3:1: select date'01-01-2023' + interval'1-12';
                                            ^^^^^^
OCTO> select date'01-01-2023' + interval'1-12';
[ERROR]: ERR_INTERVAL_FIELD_OUT_OF_RANGE: Interval field value 1-13 is out of range
LINE 4:1: select date'01-01-2023' + interval'1-13';
                                            ^^^^^^
OCTO> select date'01-01-2023' + interval'1-13';
OCTO> select date'01-01-2023' + interval'1 1:59:00';
???
2023-01-02 01:59:00
(1 row)
[ERROR]: ERR_INTERVAL_FIELD_OUT_OF_RANGE: Interval field value 1 1:60:00 is out of range
LINE 6:1: select date'01-01-2023' + interval'1 1:60:00';
                                            ^^^^^^^^^^^
OCTO> select date'01-01-2023' + interval'1 1:60:00';
OCTO> select date'01-01-2023' + interval'1 1:59:60';
???
2023-01-02 02:00:00
(1 row)
[ERROR]: ERR_INTERVAL_FIELD_OUT_OF_RANGE: Interval field value 1 1:59:61 is out of range
LINE 8:1: select date'01-01-2023' + interval'1 1:59:61';
                                            ^^^^^^^^^^^
OCTO> select date'01-01-2023' + interval'1 1:59:61';
[ERROR]: ERR_INTERVAL_FIELD_OUT_OF_RANGE: Interval field value 1 1:59:62 is out of range
LINE 9:1: select date'01-01-2023' + interval'1 1:59:62';
                                            ^^^^^^^^^^^
OCTO> select date'01-01-2023' + interval'1 1:59:62';
OCTO> select date'01-01-2023' + interval'1 999:59:60';
???
2023-02-12 16:00:00
(1 row)
[ERROR]: ERR_INTERVAL_FIELD_OUT_OF_RANGE: Interval field value 1-12 999 999:59:60 is out of range
LINE 11:1: select date'01-01-2023' + interval'1-12 999 999:59:60';
                                             ^^^^^^^^^^^^^^^^^^^^
OCTO> select date'01-01-2023' + interval'1-12 999 999:59:60';
OCTO> select date'01-01-2023' + interval'1-11 999 999:59:60';
???
2027-10-07 16:00:00
(1 row)
[ERROR]: ERR_INTERVAL_FIELD_OUT_OF_RANGE: Interval field value 69:56.11 is out of range
LINE 13:1: select date'01-01-2023' + interval'69:56.11';
                                             ^^^^^^^^^^
OCTO> select date'01-01-2023' + interval'69:56.11';
OCTO> 
